{"cameraMode":{"drawMode":0,"name":"Shaded","section":"Shading Mode"},"sceneLighting":true,"audioPlay":false,"sceneViewState":{"showFog":true,"showMaterialUpdate":false,"showSkybox":true,"showFlares":true,"showImageEffects":true,"showParticleSystems":true},"in2DMode":false,"pivot":{"x":-61.90354537963867,"y":-52.76057052612305,"z":-46.36898422241211},"rotation":{"x":-0.124734066426754,"y":0.8584777116775513,"z":-0.24845029413700105,"w":-0.43101179599761965},"size":68.65059661865235,"orthographic":false}