{"cameraMode":{"drawMode":0,"name":"Shaded","section":"Shading Mode"},"sceneLighting":false,"audioPlay":false,"sceneViewState":{"showFog":true,"showMaterialUpdate":false,"showSkybox":false,"showFlares":true,"showImageEffects":true,"showParticleSystems":true},"in2DMode":false,"pivot":{"x":0.4185374975204468,"y":1.2699999809265137,"z":0.0},"rotation":{"x":0.07493458688259125,"y":-0.6636363863945007,"z":0.06718400120735169,"w":0.7412839531898499},"size":1.4469661712646485,"orthographic":false}