{"cameraMode":{"drawMode":0,"name":"Shaded","section":"Shading Mode"},"sceneLighting":true,"audioPlay":false,"sceneViewState":{"showFog":true,"showMaterialUpdate":false,"showSkybox":true,"showFlares":true,"showImageEffects":true,"showParticleSystems":true},"in2DMode":false,"pivot":{"x":-5.498875617980957,"y":0.6637199521064758,"z":-8.808769226074219},"rotation":{"x":-0.027599036693572999,"y":0.8512325882911682,"z":-0.044995132833719257,"w":-0.5221284031867981},"size":7.071067810058594,"orthographic":false}